# source_id	kind	status	crystal_refs	notes
benchmark/chiasmus/p1-rbac.ts::interface::ConflictResult	interface	missing	-	auto-generated
benchmark/chiasmus/p1-rbac.ts::interface::Rule	interface	missing	-	auto-generated
benchmark/chiasmus/p2-deps.ts::interface::DependencyResult	interface	missing	-	auto-generated
benchmark/chiasmus/p3-taint.ts::interface::TaintResult	interface	missing	-	auto-generated
benchmark/chiasmus/p4-workflow.ts::interface::WorkflowResult	interface	missing	-	auto-generated
benchmark/chiasmus/p5-validation.ts::function::buildGapCheck	function	missing	-	auto-generated
benchmark/chiasmus/p5-validation.ts::interface::ValidationGapResult	interface	missing	-	auto-generated
benchmark/tests/p1-rbac.test.ts::test::Problem 1: RBAC Policy Conflict Detection	test	missing	-	auto-generated
benchmark/tests/p1-rbac.test.ts::test::detects the auditor read/billing conflict	test	missing	-	auto-generated
benchmark/tests/p1-rbac.test.ts::test::finds exactly one conflict in this ruleset	test	missing	-	auto-generated
benchmark/tests/p1-rbac.test.ts::test::returns the specific conflicting triple	test	missing	-	auto-generated
benchmark/tests/p2-deps.test.ts::test::Problem 2: Package Dependency Resolution	test	missing	-	auto-generated
benchmark/tests/p2-deps.test.ts::test::all versions are within allowed ranges	test	missing	-	auto-generated
benchmark/tests/p2-deps.test.ts::test::finds a satisfiable assignment	test	missing	-	auto-generated
benchmark/tests/p2-deps.test.ts::test::respects dependency requirements	test	missing	-	auto-generated
benchmark/tests/p2-deps.test.ts::test::respects incompatibilities	test	missing	-	auto-generated
benchmark/tests/p3-taint.test.ts::test::Problem 3: Data Flow Taint Analysis	test	missing	-	auto-generated
benchmark/tests/p3-taint.test.ts::test::all three sinks are reachable	test	missing	-	auto-generated
benchmark/tests/p3-taint.test.ts::test::finds that http_request can reach db_query	test	missing	-	auto-generated
benchmark/tests/p3-taint.test.ts::test::finds that http_request can reach eval_engine	test	missing	-	auto-generated
benchmark/tests/p3-taint.test.ts::test::finds that http_request can reach file_write	test	missing	-	auto-generated
benchmark/tests/p4-workflow.test.ts::test::Problem 4: Workflow State Machine Validation	test	missing	-	auto-generated
benchmark/tests/p4-workflow.test.ts::test::does not flag reachable states as unreachable	test	missing	-	auto-generated
benchmark/tests/p4-workflow.test.ts::test::does not flag states with outgoing transitions as dead-ends	test	missing	-	auto-generated
benchmark/tests/p4-workflow.test.ts::test::identifies 	test	missing	-	auto-generated
benchmark/tests/p5-validation.test.ts::test::Problem 5: API Validation Rule Consistency	test	missing	-	auto-generated
benchmark/tests/p5-validation.test.ts::test::finds exactly 2 gaps	test	missing	-	auto-generated
benchmark/tests/p5-validation.test.ts::test::finds the age gap (frontend allows 13-17, backend rejects)	test	missing	-	auto-generated
benchmark/tests/p5-validation.test.ts::test::finds the username_length gap (frontend allows 21-30, backend max 20)	test	missing	-	auto-generated
benchmark/tests/p5-validation.test.ts::test::provides a concrete example for the age gap	test	missing	-	auto-generated
benchmark/tests/p5-validation.test.ts::test::provides a concrete example for the username_length gap	test	missing	-	auto-generated
benchmark/traditional/p1-rbac.ts::interface::ConflictResult	interface	missing	-	auto-generated
benchmark/traditional/p1-rbac.ts::interface::Rule	interface	missing	-	auto-generated
benchmark/traditional/p2-deps.ts::function::backtrack	function	missing	-	auto-generated
benchmark/traditional/p2-deps.ts::function::isValid	function	missing	-	auto-generated
benchmark/traditional/p2-deps.ts::interface::DependencyResult	interface	missing	-	auto-generated
benchmark/traditional/p3-taint.ts::function::reachableFrom	function	missing	-	auto-generated
benchmark/traditional/p3-taint.ts::interface::TaintResult	interface	missing	-	auto-generated
benchmark/traditional/p4-workflow.ts::interface::WorkflowResult	interface	missing	-	auto-generated
benchmark/traditional/p5-validation.ts::interface::ValidationGapResult	interface	missing	-	auto-generated
src/config.ts::function::loadConfig	function	ported	src/chiasmus/utils/config.cr:43	Ported as Chiasmus::Utils::Config.load with upstream adapterDiscovery compatibility
src/config.ts::interface::ChiasmusConfig	interface	ported	src/chiasmus/utils/config.cr:7	Ported as Chiasmus::Utils::Config::ChiasmusConfig
src/formalize/engine.ts::class::FormalizationEngine	class	ported	src/chiasmus/formalize/engine.cr:30	Ported as Chiasmus::Formalize::Engine with direct formalize and solve coverage.
src/formalize/engine.ts::const::FIX_SYSTEM	const	ported	src/chiasmus/formalize/engine.cr:20	Ported as Chiasmus::Formalize::FIX_SYSTEM.
src/formalize/engine.ts::const::FORMALIZE_SYSTEM	const	ported	src/chiasmus/formalize/engine.cr:13	Ported as Chiasmus::Formalize::FORMALIZE_SYSTEM.
src/formalize/engine.ts::interface::FormalizeResult	interface	ported	src/chiasmus/formalize/engine.cr:4	Ported as Chiasmus::Formalize::FormalizeResult.
src/formalize/engine.ts::interface::SolveResult	interface	ported	src/chiasmus/formalize/engine.cr:9	Ported as Chiasmus::Formalize::SolveResult.
src/formalize/engine.ts::method::FormalizationEngine.constructor	method	ported	src/chiasmus/formalize/engine.cr:34	Ported constructor taking skill library and Crig agent.
src/formalize/feedback.ts::function::classifyFeedback	function	ported	src/chiasmus/formalize/feedback.cr:4	Ported as Chiasmus::Formalize.classify_feedback
src/formalize/feedback.ts::function::core	function	ported	src/chiasmus/formalize/feedback.cr:19	Represented by unsat-core handling in classify_feedback
src/formalize/validate.ts::function::lintProlog	function	missing	-	auto-generated
src/formalize/validate.ts::function::lintSmtlib	function	missing	-	auto-generated
src/formalize/validate.ts::function::lintSpec	function	missing	-	auto-generated
src/formalize/validate.ts::interface::LintResult	interface	missing	-	auto-generated
src/graph/adapter-registry.ts::function::clearAdapters	function	ported	src/chiasmus/graph/adapter_registry.cr:29	Ported as AdapterRegistry.clear_adapters
src/graph/adapter-registry.ts::function::getAdapter	function	ported	src/chiasmus/graph/adapter_registry.cr:21	Ported as AdapterRegistry.get_adapter
src/graph/adapter-registry.ts::function::getAdapterExtensions	function	ported	src/chiasmus/graph/adapter_registry.cr:34	Ported as AdapterRegistry.adapter_extensions
src/graph/adapter-registry.ts::function::getAdapterForExt	function	ported	src/chiasmus/graph/adapter_registry.cr:25	Ported as AdapterRegistry.get_adapter_for_ext
src/graph/adapter-registry.ts::function::isLanguageAdapter	function	missing	-	auto-generated
src/graph/adapter-registry.ts::function::registerAdapter	function	ported	src/chiasmus/graph/adapter_registry.cr:13	Ported as AdapterRegistry.register_adapter
src/graph/adapter-registry.ts::function::registerFromModule	function	missing	-	auto-generated
src/graph/analyses.ts::function::buildQuery	function	ported	src/chiasmus/graph/analyses.cr:1	Ported graph analyses with direct Crystal traversal instead of Prolog query construction
src/graph/analyses.ts::function::buildSummary	function	ported	src/chiasmus/graph/analyses.cr:1	Ported in-memory graph summary generation
src/graph/analyses.ts::function::extractUniqueValues	function	ported	src/chiasmus/graph/analyses.cr:1	Ported through uniq-preserving collection of analysis outputs
src/graph/analyses.ts::function::formatResult	function	ported	src/chiasmus/graph/analyses.cr:1	Ported via typed Crystal payloads per analysis mode
src/graph/analyses.ts::interface::AnalysisRequest	interface	ported	src/chiasmus/graph/analyses.cr:1	Ported as Crystal record
src/graph/analyses.ts::interface::AnalysisResult	interface	ported	src/chiasmus/graph/analyses.cr:1	Ported as Crystal record
src/graph/analyses.ts::type::AnalysisType	type	ported	src/chiasmus/graph/analyses.cr:1	Ported as Crystal enum
src/graph/extractor.ts::function::cljDefnName	function	missing	-	auto-generated
src/graph/extractor.ts::function::cljExtractCalls	function	missing	-	auto-generated
src/graph/extractor.ts::function::cljExtractNs	function	missing	-	auto-generated
src/graph/extractor.ts::function::cljSymName	function	missing	-	auto-generated
src/graph/extractor.ts::function::extractGoCalls	function	missing	-	auto-generated
src/graph/extractor.ts::function::extractGoReceiverType	function	missing	-	auto-generated
src/graph/extractor.ts::function::extractImportNames	function	missing	-	auto-generated
src/graph/extractor.ts::function::extractStringContent	function	missing	-	auto-generated
src/graph/extractor.ts::function::findEnclosingClassName	function	missing	-	auto-generated
src/graph/extractor.ts::function::findPythonEnclosingClass	function	missing	-	auto-generated
src/graph/extractor.ts::function::resolveCallee	function	missing	-	auto-generated
src/graph/extractor.ts::function::resolveGoCallee	function	missing	-	auto-generated
src/graph/extractor.ts::function::resolvePythonCallee	function	missing	-	auto-generated
src/graph/extractor.ts::function::walkChildren	function	missing	-	auto-generated
src/graph/extractor.ts::function::walkClojure	function	missing	-	auto-generated
src/graph/extractor.ts::function::walkGo	function	missing	-	auto-generated
src/graph/extractor.ts::function::walkNode	function	missing	-	auto-generated
src/graph/extractor.ts::function::walkPython	function	missing	-	auto-generated
src/graph/extractor.ts::function::walkPythonChildren	function	missing	-	auto-generated
src/graph/facts.ts::const::BUILTIN_RULES	const	ported	src/chiasmus/graph/facts.cr:1	Ported builtin graph-analysis Prolog rules
src/graph/facts.ts::function::escapeAtom	function	ported	src/chiasmus/graph/facts.cr:1	Ported Prolog atom escaping
src/graph/facts.ts::function::graphToProlog	function	ported	src/chiasmus/graph/facts.cr:1	Ported CodeGraph-to-Prolog serialization
src/graph/mermaid.ts::const::FLOWCHART_RULES	const	ported	src/chiasmus/graph/mermaid.cr:23	Ported as Mermaid::FLOWCHART_RULES
src/graph/mermaid.ts::const::STATE_RULES	const	ported	src/chiasmus/graph/mermaid.cr:31	Ported as Mermaid::STATE_RULES
src/graph/mermaid.ts::function::detectDiagramType	function	ported	src/chiasmus/graph/mermaid.cr:68	Ported as Mermaid.detect_diagram_type
src/graph/mermaid.ts::function::extractLabel	function	ported	src/chiasmus/graph/mermaid.cr:78	Ported as Mermaid.extract_label
src/graph/mermaid.ts::function::extractMermaidGraph	function	ported	src/chiasmus/graph/mermaid.cr:51	Ported as Mermaid.extract_graph
src/graph/mermaid.ts::function::generateProlog	function	ported	src/chiasmus/graph/mermaid.cr:116	Ported as Mermaid.generate_prolog
src/graph/mermaid.ts::function::normalizeId	function	ported	src/chiasmus/graph/mermaid.cr:44	Ported as Mermaid.normalize_id
src/graph/mermaid.ts::function::parseFlowchartLine	function	ported	src/chiasmus/graph/mermaid.cr:85	Ported as Mermaid.parse_flowchart_line
src/graph/mermaid.ts::function::parseMermaid	function	ported	src/chiasmus/graph/mermaid.cr:40	Ported as Mermaid.parse
src/graph/mermaid.ts::function::parseStateLine	function	ported	src/chiasmus/graph/mermaid.cr:104	Ported as Mermaid.parse_state_line
src/graph/mermaid.ts::interface::MermaidEdge	interface	ported	src/chiasmus/graph/mermaid.cr:17	Ported as MermaidEdge record
src/graph/mermaid.ts::interface::MermaidGraph	interface	ported	src/chiasmus/graph/mermaid.cr:22	Ported as MermaidGraph record
src/graph/mermaid.ts::interface::MermaidNode	interface	ported	src/chiasmus/graph/mermaid.cr:13	Ported as MermaidNode record
src/graph/mermaid.ts::type::DiagramType	type	ported	src/chiasmus/graph/mermaid.cr:8	Ported as DiagramType enum
src/graph/parser.ts::function::getLangConfig	function	ported	src/chiasmus/graph/parser.cr:11	Ported as LANGUAGE_CONFIG constant used by parser loading helpers
src/graph/parser.ts::function::getLanguageForFile	function	ported	src/chiasmus/graph/parser.cr:220	Ported extension-to-language resolution
src/graph/parser.ts::function::getNativeParser	function	missing	-	auto-generated
src/graph/parser.ts::function::getSupportedExtensions	function	ported	src/chiasmus/graph/parser.cr:227	Ported supported-extension enumeration
src/graph/parser.ts::function::loadLanguageSync	function	ported	src/chiasmus/graph/parser.cr:246	Ported synchronous language load helper
src/graph/parser.ts::function::parseSource	function	ported	src/chiasmus/graph/parser.cr:232	Ported sync parse entrypoint via UniversalParser
src/graph/parser.ts::interface::LangConfig	interface	ported	src/chiasmus/graph/parser.cr:14	Represented by Crystal named tuples inside LANGUAGE_CONFIG
src/graph/types.ts::interface::CallsFact	interface	ported	src/chiasmus/graph/types.cr:1	Ported as Crystal record
src/graph/types.ts::interface::CodeGraph	interface	ported	src/chiasmus/graph/types.cr:1	Ported as Crystal record
src/graph/types.ts::interface::ContainsFact	interface	ported	src/chiasmus/graph/types.cr:1	Ported as Crystal record
src/graph/types.ts::interface::DefinesFact	interface	ported	src/chiasmus/graph/types.cr:1	Ported as Crystal record
src/graph/types.ts::interface::ExportsFact	interface	ported	src/chiasmus/graph/types.cr:1	Ported as Crystal record
src/graph/types.ts::interface::ImportsFact	interface	ported	src/chiasmus/graph/types.cr:1	Ported as Crystal record
src/graph/types.ts::interface::LanguageAdapter	interface	ported	src/chiasmus/graph/types.cr:1	Ported as Crystal abstract class
src/graph/types.ts::type::SymbolKind	type	ported	src/chiasmus/graph/types.cr:1	Ported as Crystal enum
src/llm/anthropic.ts::class::AnthropicAdapter	class	missing	-	auto-generated
src/llm/anthropic.ts::const::DEFAULT_MAX_TOKENS	const	missing	-	auto-generated
src/llm/anthropic.ts::const::DEFAULT_MODEL	const	missing	-	auto-generated
src/llm/anthropic.ts::const::DEFAULT_URL	const	missing	-	auto-generated
src/llm/anthropic.ts::function::createLLMFromEnv	function	missing	-	auto-generated
src/llm/anthropic.ts::function::data	function	missing	-	auto-generated
src/llm/anthropic.ts::interface::AnthropicConfig	interface	missing	-	auto-generated
src/llm/anthropic.ts::method::AnthropicAdapter.constructor	method	missing	-	auto-generated
src/llm/mock.ts::class::MockLLMAdapter	class	missing	-	auto-generated
src/llm/mock.ts::method::MockLLMAdapter.constructor	method	missing	-	auto-generated
src/llm/openai-compatible.ts::class::OpenAICompatibleAdapter	class	missing	-	auto-generated
src/llm/openai-compatible.ts::const::DEFAULT_MAX_TOKENS	const	missing	-	auto-generated
src/llm/openai-compatible.ts::function::data	function	missing	-	auto-generated
src/llm/openai-compatible.ts::interface::OpenAICompatibleConfig	interface	missing	-	auto-generated
src/llm/openai-compatible.ts::method::OpenAICompatibleAdapter.constructor	method	missing	-	auto-generated
src/llm/types.ts::interface::LLMAdapter	interface	missing	-	auto-generated
src/llm/types.ts::interface::LLMMessage	interface	missing	-	auto-generated
src/mcp-server.ts::const::TOOLS	const	ported	src/chiasmus/mcp_server/tools/verify.cr:7	chiasmus_verify tool ported to Crystal
src/mcp-server.ts::const::VALID_ANALYSES	const	missing	-	auto-generated
src/mcp-server.ts::function::getChiasmusHome	function	ported	src/chiasmus/utils/config.cr:21	Port with XDG support
src/mcp-server.ts::function::handleLint	function	missing	-	auto-generated
src/mcp-server.ts::function::handleSkills	function	ported	src/chiasmus/mcp_server/tools/skills.cr:7	Ported as Chiasmus::MCPServer::Tools::SkillsTool#invoke.
src/skills/bm25.ts::const::N	const	missing	-	auto-generated
src/skills/bm25.ts::const::STOPWORDS	const	missing	-	auto-generated
src/skills/bm25.ts::function::buildIndex	function	missing	-	auto-generated
src/skills/bm25.ts::function::search	function	missing	-	auto-generated
src/skills/bm25.ts::function::tokenize	function	missing	-	auto-generated
src/skills/bm25.ts::interface::BM25Index	interface	missing	-	auto-generated
src/skills/bm25.ts::interface::DocEntry	interface	missing	-	auto-generated
src/skills/craft.ts::function::buildPrologInput	function	missing	-	auto-generated
src/skills/craft.ts::function::validateTemplate	function	missing	-	auto-generated
src/skills/craft.ts::interface::CraftInput	interface	missing	-	auto-generated
src/skills/craft.ts::interface::CraftResult	interface	missing	-	auto-generated
src/skills/learner.ts::class::SkillLearner	class	ported	src/chiasmus/skills/learner.cr:5	Ported as Skills::Learner
src/skills/learner.ts::const::DEDUP_SIMILARITY_THRESHOLD	const	ported	src/chiasmus/skills/learner.cr:8	Ported as Learner::DEDUP_SIMILARITY_THRESHOLD
src/skills/learner.ts::const::EXTRACT_SYSTEM	const	ported	src/chiasmus/skills/learner.cr:10	Ported as Learner::EXTRACT_SYSTEM
src/skills/learner.ts::const::PROMOTION_SUCCESS_RATE	const	ported	src/chiasmus/skills/learner.cr:7	Ported as Learner::PROMOTION_SUCCESS_RATE
src/skills/learner.ts::const::PROMOTION_THRESHOLD	const	ported	src/chiasmus/skills/learner.cr:6	Ported as Learner::PROMOTION_THRESHOLD
src/skills/learner.ts::method::SkillLearner.constructor	method	ported	src/chiasmus/skills/learner.cr:26	Ported constructor with injectable extractor and library
src/skills/library.ts::class::SkillLibrary	class	ported	src/chiasmus/skills/library.cr:12	Ported with starter-template loading, persisted metadata, search, related-template lookup, and learned-template management.
src/skills/library.ts::interface::SearchOptions	interface	ported	src/chiasmus/skills/library.cr:5	Ported as Chiasmus::Skills::SearchOptions.
src/skills/relationships.ts::function::getRelatedTemplates	function	ported	src/chiasmus/skills/relationships.cr:37	Ported as Chiasmus::Skills.get_related_templates.
src/skills/relationships.ts::interface::RelatedTemplate	interface	ported	src/chiasmus/skills/relationships.cr:3	Ported as Chiasmus::Skills::RelatedTemplate.
src/skills/types.ts::interface::Normalization	interface	missing	-	auto-generated
src/skills/types.ts::interface::SkillMetadata	interface	missing	-	auto-generated
src/skills/types.ts::interface::SkillSearchResult	interface	missing	-	auto-generated
src/skills/types.ts::interface::SkillTemplate	interface	missing	-	auto-generated
src/skills/types.ts::interface::SkillWithMetadata	interface	missing	-	auto-generated
src/skills/types.ts::interface::SlotDef	interface	missing	-	auto-generated
src/solvers/correction-loop.ts::interface::CorrectionLoopOptions	interface	missing	-	auto-generated
src/solvers/correction-loop.ts::type::CorrectionAttempt	type	missing	-	auto-generated
src/solvers/correction-loop.ts::type::CorrectionResult	type	missing	-	auto-generated
src/solvers/correction-loop.ts::type::SpecFixer	type	missing	-	auto-generated
src/solvers/prolog-solver.ts::const::MAX_ANSWERS	const	missing	-	auto-generated
src/solvers/prolog-solver.ts::const::MAX_INFERENCES	const	missing	-	auto-generated
src/solvers/prolog-solver.ts::const::MAX_TRACE_ENTRIES	const	missing	-	auto-generated
src/solvers/prolog-solver.ts::function::consult	function	missing	-	auto-generated
src/solvers/prolog-solver.ts::function::createPrologSolver	function	missing	-	auto-generated
src/solvers/prolog-solver.ts::function::entry	function	missing	-	auto-generated
src/solvers/prolog-solver.ts::function::formatError	function	missing	-	auto-generated
src/solvers/prolog-solver.ts::function::instrumentForTracing	function	missing	-	auto-generated
src/solvers/prolog-solver.ts::function::links	function	missing	-	auto-generated
src/solvers/prolog-solver.ts::function::nextAnswer	function	missing	-	auto-generated
src/solvers/prolog-solver.ts::function::query	function	missing	-	auto-generated
src/solvers/session.ts::class::SolverSession	class	missing	-	auto-generated
src/solvers/types.ts::interface::PrologAnswer	interface	missing	-	auto-generated
src/solvers/types.ts::interface::Solver	interface	missing	-	auto-generated
src/solvers/types.ts::type::SolverInput	type	missing	-	auto-generated
src/solvers/types.ts::type::SolverResult	type	missing	-	auto-generated
src/solvers/types.ts::type::SolverType	type	missing	-	auto-generated
src/solvers/z3-solver.ts::const::SOLVER_TIMEOUT_MS	const	missing	-	auto-generated
src/solvers/z3-solver.ts::function::getZ3	function	missing	-	auto-generated
src/solvers/z3-solver.ts::function::sanitizeSmtlib	function	missing	-	auto-generated
src/tau-prolog.d.ts::function::create	function	missing	-	auto-generated
src/tau-prolog.d.ts::function::format_answer	function	missing	-	auto-generated
src/tau-prolog.d.ts::interface::PrologSession	interface	missing	-	auto-generated
src/tau-prolog.d.ts::interface::PrologSubstitution	interface	missing	-	auto-generated
src/tau-prolog.d.ts::interface::PrologTerm	interface	missing	-	auto-generated
tests/config.test.ts::test::falls back to defaults for invalid JSON	test	ported	spec/chiasmus/utils/config_spec.cr:28	Ported invalid JSON fallback coverage
tests/config.test.ts::test::ignores unknown keys and wrong types	test	ported	spec/chiasmus/utils/config_spec.cr:37	Ported wrong-type and unknown-key handling coverage
tests/config.test.ts::test::loadConfig	test	ported	spec/chiasmus/utils/config_spec.cr:11	Covered by the Crystal config load spec group
tests/config.test.ts::test::reads adapterDiscovery from config.json	test	ported	spec/chiasmus/utils/config_spec.cr:19	Ported camelCase adapterDiscovery config key coverage
tests/config.test.ts::test::returns defaults when config.json does not exist	test	ported	spec/chiasmus/utils/config_spec.cr:12	Ported missing config file fallback coverage
tests/correction-loop.test.ts::test::Correction Loop	test	missing	-	auto-generated
tests/correction-loop.test.ts::test::Prolog	test	missing	-	auto-generated
tests/correction-loop.test.ts::test::Z3	test	missing	-	auto-generated
tests/correction-loop.test.ts::test::correctly distinguishes solver errors from valid UNSAT	test	missing	-	auto-generated
tests/correction-loop.test.ts::test::enhanced feedback	test	missing	-	auto-generated
tests/correction-loop.test.ts::test::fixes a malformed Prolog program	test	missing	-	auto-generated
tests/correction-loop.test.ts::test::fixes a minor syntax error within 2 rounds	test	missing	-	auto-generated
tests/correction-loop.test.ts::test::handles multi-round fixes for semantic errors	test	missing	-	auto-generated
tests/correction-loop.test.ts::test::hits max rounds on unfixable spec and returns diagnostics	test	missing	-	auto-generated
tests/correction-loop.test.ts::test::passes full SolverResult to fixer via result parameter	test	missing	-	auto-generated
tests/correction-loop.test.ts::test::passes through a correct Prolog program without correction	test	missing	-	auto-generated
tests/correction-loop.test.ts::test::passes through a correct spec without correction	test	missing	-	auto-generated
tests/correction-loop.test.ts::test::provides error history for debugging	test	missing	-	auto-generated
tests/correction-loop.test.ts::test::stops early when fixer gives up (returns null)	test	missing	-	auto-generated
tests/craft.test.ts::test::craftTemplate	test	missing	-	auto-generated
tests/craft.test.ts::test::duplicate name returns error	test	missing	-	auto-generated
tests/craft.test.ts::test::empty normalizations array returns error	test	missing	-	auto-generated
tests/craft.test.ts::test::empty slots array returns error	test	missing	-	auto-generated
tests/craft.test.ts::test::invalid solver returns error	test	missing	-	auto-generated
tests/craft.test.ts::test::missing required field returns specific error	test	missing	-	auto-generated
tests/craft.test.ts::test::slot in array not in skeleton returns error	test	missing	-	auto-generated
tests/craft.test.ts::test::slot in skeleton not in slots array returns error	test	missing	-	auto-generated
tests/craft.test.ts::test::template with test=true and broken example returns error but still creates	test	missing	-	auto-generated
tests/craft.test.ts::test::template with test=true and valid Prolog example runs solver	test	missing	-	auto-generated
tests/craft.test.ts::test::template with test=true and valid Z3 example runs solver	test	missing	-	auto-generated
tests/craft.test.ts::test::valid template is added to library and searchable	test	missing	-	auto-generated
tests/craft.test.ts::test::valid template passes validation with no errors	test	missing	-	auto-generated
tests/craft.test.ts::test::validateTemplate	test	missing	-	auto-generated
tests/craft.test.ts::test::validation errors prevent creation	test	missing	-	auto-generated
tests/dogfood.test.ts::test::Dogfood: realistic problem domains	test	missing	-	auto-generated
tests/dogfood.test.ts::test::Prolog: Rule-based reasoning	test	missing	-	auto-generated
tests/dogfood.test.ts::test::Z3: Policy contradiction detection	test	missing	-	auto-generated
tests/dogfood.test.ts::test::checks data lineage / reachability	test	missing	-	auto-generated
tests/dogfood.test.ts::test::derives transitive permissions through role hierarchy	test	missing	-	auto-generated
tests/dogfood.test.ts::test::detects contradictory firewall rules	test	missing	-	auto-generated
tests/dogfood.test.ts::test::detects that 3 tasks cannot fit in 2 non-overlapping slots	test	missing	-	auto-generated
tests/dogfood.test.ts::test::finds valid dependency version resolution	test	missing	-	auto-generated
tests/dogfood.test.ts::test::validates workflow state machine transitions	test	missing	-	auto-generated
tests/feedback.test.ts::test::classifies error result	test	ported	spec/chiasmus/formalize/feedback_spec.cr:5	Ported error feedback coverage
tests/feedback.test.ts::test::classifies prolog success with answers	test	ported	spec/chiasmus/formalize/feedback_spec.cr:44	Ported Prolog answer feedback coverage
tests/feedback.test.ts::test::classifies prolog success with no answers	test	ported	spec/chiasmus/formalize/feedback_spec.cr:36	Ported empty Prolog answer feedback coverage
tests/feedback.test.ts::test::classifies sat result with model	test	ported	spec/chiasmus/formalize/feedback_spec.cr:28	Ported SAT model feedback coverage
tests/feedback.test.ts::test::classifies unknown result	test	ported	spec/chiasmus/formalize/feedback_spec.cr:55	Ported UNKNOWN feedback coverage
tests/feedback.test.ts::test::classifies unsat result with core	test	ported	spec/chiasmus/formalize/feedback_spec.cr:12	Ported unsat-core feedback coverage
tests/feedback.test.ts::test::classifies unsat result without core	test	ported	spec/chiasmus/formalize/feedback_spec.cr:21	Ported generic UNSAT feedback coverage
tests/feedback.test.ts::test::classifyFeedback	test	ported	spec/chiasmus/formalize/feedback_spec.cr:3	Covered by the Crystal classify_feedback spec group
tests/formalize.test.ts::test::FormalizationEngine	test	ported	spec/chiasmus/formalize/engine_spec.cr:19	Covered by the Crystal FormalizationEngine spec group.
tests/formalize.test.ts::test::formalize (template + instructions, no execution)	test	ported	spec/chiasmus/formalize/engine_spec.cr:20	Covered by the Crystal formalize-selection spec group.
tests/formalize.test.ts::test::includes normalization guidance in instructions	test	ported	spec/chiasmus/formalize/engine_spec.cr:58	Ported normalization-guidance coverage.
tests/formalize.test.ts::test::records template use in skill library	test	missing	-	auto-generated
tests/formalize.test.ts::test::returns failure with diagnostics when correction loop exhausts	test	missing	-	auto-generated
tests/formalize.test.ts::test::selects a Prolog template for rule inference problems	test	ported	spec/chiasmus/formalize/engine_spec.cr:32	Ported Prolog-template selection coverage.
tests/formalize.test.ts::test::selects constraint-satisfaction for dependency problems	test	ported	spec/chiasmus/formalize/engine_spec.cr:51	Ported dependency-template selection coverage.
tests/formalize.test.ts::test::selects graph-reachability for data flow problems	test	ported	spec/chiasmus/formalize/engine_spec.cr:43	Ported graph-reachability selection coverage.
tests/formalize.test.ts::test::selects the right template for a policy conflict problem	test	ported	spec/chiasmus/formalize/engine_spec.cr:21	Ported policy-conflict template selection coverage.
tests/formalize.test.ts::test::solve (end-to-end with LLM)	test	missing	-	auto-generated
tests/formalize.test.ts::test::solves a Prolog reachability problem end-to-end	test	missing	-	auto-generated
tests/formalize.test.ts::test::solves a Z3 policy contradiction problem end-to-end	test	missing	-	auto-generated
tests/formalize.test.ts::test::uses correction loop when initial formalization has errors	test	missing	-	auto-generated
tests/formalize.test.ts::test::uses enriched feedback in correction prompts	test	missing	-	auto-generated
tests/graph/adapter-registry.test.ts::test::adapter integration with extractor	test	ported	spec/chiasmus/graph/adapter_registry_spec.cr:129	Covered by extractor dispatch and built-in isolation specs
tests/graph/adapter-registry.test.ts::test::adapter integration with parser	test	ported	spec/chiasmus/graph/adapter_registry_spec.cr:107	Covered by parser adapter resolution specs
tests/graph/adapter-registry.test.ts::test::adapter with searchPaths is accepted by registerAdapter	test	ported	spec/chiasmus/graph/adapter_registry_spec.cr:89	Ported search_paths registration coverage
tests/graph/adapter-registry.test.ts::test::adapter-registry	test	ported	spec/chiasmus/graph/adapter_registry_spec.cr:62	Covered by the Crystal AdapterRegistry spec group
tests/graph/adapter-registry.test.ts::test::built-in extensions take precedence over adapters	test	ported	spec/chiasmus/graph/adapter_registry_spec.cr:114	Ported parser precedence coverage
tests/graph/adapter-registry.test.ts::test::clearAdapters removes all registrations	test	ported	spec/chiasmus/graph/adapter_registry_spec.cr:95	Ported registry reset coverage
tests/graph/adapter-registry.test.ts::test::deduplicates calls across adapter-extracted files	test	ported	spec/chiasmus/graph/adapter_registry_spec.cr:158	Ported multi-file adapter extraction coverage
tests/graph/adapter-registry.test.ts::test::discoverAdapters	test	ported	spec/chiasmus/graph/adapter_registry_spec.cr:103	Ported as explicit-registration discovery contract; dynamic module loading remains unported
tests/graph/adapter-registry.test.ts::test::dispatches to adapter.extract for registered language	test	ported	spec/chiasmus/graph/adapter_registry_spec.cr:129	Ported extractor dispatch coverage
tests/graph/adapter-registry.test.ts::test::does not affect built-in languages	test	ported	spec/chiasmus/graph/adapter_registry_spec.cr:146	Ported built-in language isolation coverage
tests/graph/adapter-registry.test.ts::test::does not throw when no chiasmus-adapter-* packages exist	test	ported	spec/chiasmus/graph/adapter_registry_spec.cr:103	Non-throwing discovery behavior is covered; dynamic package scanning remains unported
tests/graph/adapter-registry.test.ts::test::getAdapterExtensions includes registered extensions	test	ported	spec/chiasmus/graph/adapter_registry_spec.cr:83	Ported adapter extension listing coverage
tests/graph/adapter-registry.test.ts::test::getAdapterForExt resolves by extension	test	ported	spec/chiasmus/graph/adapter_registry_spec.cr:74	Ported extension lookup coverage
tests/graph/adapter-registry.test.ts::test::getLanguageForFile resolves adapter extensions	test	ported	spec/chiasmus/graph/adapter_registry_spec.cr:107	Ported parser adapter extension resolution coverage
tests/graph/adapter-registry.test.ts::test::getSupportedExtensions includes adapter extensions	test	ported	spec/chiasmus/graph/adapter_registry_spec.cr:120	Ported supported extension merge coverage
tests/graph/adapter-registry.test.ts::test::is idempotent (only runs once)	test	ported	spec/chiasmus/graph/adapter_registry_spec.cr:103	Ported discovery idempotence coverage
tests/graph/adapter-registry.test.ts::test::normalizes extensions without leading dot	test	ported	spec/chiasmus/graph/adapter_registry_spec.cr:74	Normalization is covered by extension lookup without a leading dot
tests/graph/adapter-registry.test.ts::test::registerAdapter + getAdapter round-trips	test	ported	spec/chiasmus/graph/adapter_registry_spec.cr:67	Ported registration round-trip coverage
tests/graph/adapter-registry.test.ts::test::searchPaths	test	ported	spec/chiasmus/graph/adapter_registry_spec.cr:89	Ported search_paths storage coverage
tests/graph/analyses.test.ts::test::callees returns correct callees	test	ported	spec/chiasmus/graph/analyses_spec.cr:36	Ported Crystal graph analysis spec
tests/graph/analyses.test.ts::test::callers returns correct callers	test	ported	spec/chiasmus/graph/analyses_spec.cr:18	Ported Crystal graph analysis spec
tests/graph/analyses.test.ts::test::cycles detects circular call dependencies	test	ported	spec/chiasmus/graph/analyses_spec.cr:113	Ported Crystal graph analysis spec
tests/graph/analyses.test.ts::test::dead-code finds unreachable functions	test	ported	spec/chiasmus/graph/analyses_spec.cr:91	Ported Crystal graph analysis spec
tests/graph/analyses.test.ts::test::facts returns valid Prolog string	test	ported	spec/chiasmus/graph/analyses_spec.cr:165	Ported Crystal graph analysis spec
tests/graph/analyses.test.ts::test::impact returns all transitive callers	test	ported	spec/chiasmus/graph/analyses_spec.cr:146	Ported Crystal graph analysis spec
tests/graph/analyses.test.ts::test::path returns call chain	test	ported	spec/chiasmus/graph/analyses_spec.cr:128	Ported Crystal graph analysis spec
tests/graph/analyses.test.ts::test::reachability returns false for unconnected nodes	test	ported	spec/chiasmus/graph/analyses_spec.cr:73	Ported Crystal graph analysis spec
tests/graph/analyses.test.ts::test::reachability returns true for transitive path	test	ported	spec/chiasmus/graph/analyses_spec.cr:54	Ported Crystal graph analysis spec
tests/graph/analyses.test.ts::test::returns error for missing target parameter	test	ported	spec/chiasmus/graph/analyses_spec.cr:212	Ported Crystal graph analysis spec
tests/graph/analyses.test.ts::test::runAnalysisFromGraph	test	ported	spec/chiasmus/graph/analyses_spec.cr:18	Ported run_analysis_from_graph coverage across analysis modes
tests/graph/analyses.test.ts::test::summary returns correct counts	test	ported	spec/chiasmus/graph/analyses_spec.cr:183	Ported Crystal graph analysis spec
tests/graph/clojure.test.ts::test::Clojure graph produces valid Prolog facts	test	missing	-	auto-generated
tests/graph/clojure.test.ts::test::Clojure support	test	missing	-	auto-generated
tests/graph/clojure.test.ts::test::Prolog integration	test	missing	-	auto-generated
tests/graph/clojure.test.ts::test::dead code detection works on Clojure graph	test	missing	-	auto-generated
tests/graph/clojure.test.ts::test::deduplicates call edges	test	missing	-	auto-generated
tests/graph/clojure.test.ts::test::extractor	test	missing	-	auto-generated
tests/graph/clojure.test.ts::test::extracts call relationships	test	missing	-	auto-generated
tests/graph/clojure.test.ts::test::extracts defn function definitions	test	missing	-	auto-generated
tests/graph/clojure.test.ts::test::extracts defn- as private (not exported)	test	missing	-	auto-generated
tests/graph/clojure.test.ts::test::extracts namespace-qualified calls (db/query → query)	test	missing	-	auto-generated
tests/graph/clojure.test.ts::test::extracts require imports from ns form	test	missing	-	auto-generated
tests/graph/clojure.test.ts::test::maps .clj extension to clojure	test	missing	-	auto-generated
tests/graph/clojure.test.ts::test::multi-file cross-namespace extraction	test	missing	-	auto-generated
tests/graph/clojure.test.ts::test::parser	test	missing	-	auto-generated
tests/graph/clojure.test.ts::test::parses Clojure source via WASM	test	missing	-	auto-generated
tests/graph/extractor.test.ts::test::combines facts across multiple files	test	missing	-	auto-generated
tests/graph/extractor.test.ts::test::deduplicates call edges	test	missing	-	auto-generated
tests/graph/extractor.test.ts::test::does not export underscore-prefixed or lowercase identifiers	test	missing	-	auto-generated
tests/graph/extractor.test.ts::test::exports uppercase symbols only	test	missing	-	auto-generated
tests/graph/extractor.test.ts::test::extractGraph	test	missing	-	auto-generated
tests/graph/extractor.test.ts::test::extractGraph — Go	test	missing	-	auto-generated
tests/graph/extractor.test.ts::test::extractGraph — Python	test	missing	-	auto-generated
tests/graph/extractor.test.ts::test::extracts arrow functions assigned to const	test	missing	-	auto-generated
tests/graph/extractor.test.ts::test::extracts call relationships	test	missing	-	auto-generated
tests/graph/extractor.test.ts::test::extracts class with methods and contains	test	missing	-	auto-generated
tests/graph/extractor.test.ts::test::extracts class with methods and produces defines + contains	test	missing	-	auto-generated
tests/graph/extractor.test.ts::test::extracts cross-file call graph	test	missing	-	auto-generated
tests/graph/extractor.test.ts::test::extracts export statements	test	missing	-	auto-generated
tests/graph/extractor.test.ts::test::extracts function declarations	test	missing	-	auto-generated
tests/graph/extractor.test.ts::test::extracts function definitions	test	missing	-	auto-generated
tests/graph/extractor.test.ts::test::extracts import declarations	test	missing	-	auto-generated
tests/graph/extractor.test.ts::test::extracts import statements	test	missing	-	auto-generated
tests/graph/extractor.test.ts::test::extracts interface definitions	test	missing	-	auto-generated
tests/graph/extractor.test.ts::test::extracts method calls from member expressions	test	missing	-	auto-generated
tests/graph/extractor.test.ts::test::extracts method calls via attribute access	test	missing	-	auto-generated
tests/graph/extractor.test.ts::test::extracts methods with receiver type and contains	test	missing	-	auto-generated
tests/graph/extractor.test.ts::test::extracts multiple imports from a single from-import statement	test	missing	-	auto-generated
tests/graph/extractor.test.ts::test::nested functions inside functions are kind=function not method	test	missing	-	auto-generated
tests/graph/extractor.test.ts::test::skips unsupported file extensions	test	missing	-	auto-generated
tests/graph/facts.test.ts::test::auto-detects entry points from exports	test	ported	spec/chiasmus/graph/facts_spec.cr:18	Ported Crystal graph facts spec
tests/graph/facts.test.ts::test::cycle-safe reachability works for transitive calls	test	ported	spec/chiasmus/graph/facts_spec.cr:18	Validated via emitted builtin reachability rules
tests/graph/facts.test.ts::test::dead code detection finds unreachable functions	test	ported	spec/chiasmus/graph/facts_spec.cr:18	Validated via emitted builtin dead-code rules
tests/graph/facts.test.ts::test::escapeAtom	test	ported	spec/chiasmus/graph/facts_spec.cr:3	Ported Crystal graph facts spec
tests/graph/facts.test.ts::test::escapes internal single quotes	test	ported	spec/chiasmus/graph/facts_spec.cr:14	Ported Crystal graph facts spec
tests/graph/facts.test.ts::test::generates syntactically valid Prolog accepted by solver	test	ported	spec/chiasmus/graph/facts_spec.cr:18	Ported serialization coverage without extractor dependency
tests/graph/facts.test.ts::test::graphToProlog	test	ported	spec/chiasmus/graph/facts_spec.cr:18	Ported Crystal graph facts spec
tests/graph/facts.test.ts::test::handles file paths with slashes in atoms	test	ported	spec/chiasmus/graph/facts_spec.cr:18	Ported via escaped file-path serialization coverage
tests/graph/facts.test.ts::test::leaves simple atoms unquoted	test	ported	spec/chiasmus/graph/facts_spec.cr:3	Ported Crystal graph facts spec
tests/graph/facts.test.ts::test::produces queryable call facts	test	ported	spec/chiasmus/graph/facts_spec.cr:18	Ported via explicit call fact serialization coverage
tests/graph/facts.test.ts::test::quotes atoms with special characters	test	ported	spec/chiasmus/graph/facts_spec.cr:8	Ported Crystal graph facts spec
tests/graph/mcp-integration.test.ts::test::appears in tool list	test	missing	-	auto-generated
tests/graph/mcp-integration.test.ts::test::chiasmus_graph MCP tool	test	missing	-	auto-generated
tests/graph/mcp-integration.test.ts::test::returns callers via MCP	test	missing	-	auto-generated
tests/graph/mcp-integration.test.ts::test::returns dead code analysis	test	missing	-	auto-generated
tests/graph/mcp-integration.test.ts::test::returns error for missing parameters	test	missing	-	auto-generated
tests/graph/mcp-integration.test.ts::test::returns facts as raw Prolog	test	missing	-	auto-generated
tests/graph/mcp-integration.test.ts::test::returns summary with correct counts	test	missing	-	auto-generated
tests/graph/mermaid.test.ts::test::flowchart	test	ported	spec/chiasmus/graph/mermaid_spec.cr:5	Covered by the Crystal Mermaid flowchart spec group
tests/graph/mermaid.test.ts::test::flowchart output is valid Prolog	test	ported	spec/chiasmus/graph/mermaid_spec.cr:87	Ported flowchart solver integration coverage
tests/graph/mermaid.test.ts::test::handles [*] start/end markers	test	ported	spec/chiasmus/graph/mermaid_spec.cr:70	Ported start/end marker coverage
tests/graph/mermaid.test.ts::test::handles different arrow styles	test	ported	spec/chiasmus/graph/mermaid_spec.cr:56	Ported alternate arrow style coverage
tests/graph/mermaid.test.ts::test::handles flowchart keyword	test	ported	spec/chiasmus/graph/mermaid_spec.cr:51	Ported flowchart keyword coverage
tests/graph/mermaid.test.ts::test::handles transitions without events	test	ported	spec/chiasmus/graph/mermaid_spec.cr:76	Ported default auto-event coverage
tests/graph/mermaid.test.ts::test::ignores comments and empty lines	test	ported	spec/chiasmus/graph/mermaid_spec.cr:39	Ported comment and blank-line handling coverage
tests/graph/mermaid.test.ts::test::includes can_reach rules	test	ported	spec/chiasmus/graph/mermaid_spec.cr:81	Ported state-diagram reachability rule coverage
tests/graph/mermaid.test.ts::test::includes reachability rules	test	ported	spec/chiasmus/graph/mermaid_spec.cr:45	Ported flowchart reachability rule coverage
tests/graph/mermaid.test.ts::test::normalizes IDs to lowercase	test	ported	spec/chiasmus/graph/mermaid_spec.cr:34	Ported ID normalization coverage
tests/graph/mermaid.test.ts::test::parseMermaid	test	ported	spec/chiasmus/graph/mermaid_spec.cr:3	Covered by the Crystal Mermaid parse spec group
tests/graph/mermaid.test.ts::test::parses labeled edges	test	ported	spec/chiasmus/graph/mermaid_spec.cr:18	Ported labeled edge coverage
tests/graph/mermaid.test.ts::test::parses multiple edges	test	ported	spec/chiasmus/graph/mermaid_spec.cr:26	Ported multiple-edge coverage
tests/graph/mermaid.test.ts::test::parses nodes with labels	test	ported	spec/chiasmus/graph/mermaid_spec.cr:10	Ported node label coverage
tests/graph/mermaid.test.ts::test::parses simple edge A --> B	test	ported	spec/chiasmus/graph/mermaid_spec.cr:6	Ported simple edge coverage
tests/graph/mermaid.test.ts::test::parses state transitions	test	ported	spec/chiasmus/graph/mermaid_spec.cr:64	Ported state transition coverage
tests/graph/mermaid.test.ts::test::reachability works on flowchart	test	ported	spec/chiasmus/graph/mermaid_spec.cr:97	Ported flowchart reachability solver coverage
tests/graph/mermaid.test.ts::test::solver integration	test	ported	spec/chiasmus/graph/mermaid_spec.cr:85	Covered by the Crystal Mermaid solver integration spec group
tests/graph/mermaid.test.ts::test::state diagram output is valid Prolog	test	ported	spec/chiasmus/graph/mermaid_spec.cr:108	Ported state diagram solver integration coverage
tests/graph/mermaid.test.ts::test::stateDiagram	test	ported	spec/chiasmus/graph/mermaid_spec.cr:63	Covered by the Crystal Mermaid stateDiagram spec group
tests/graph/parser.test.ts::test::lists supported extensions	test	ported	spec/chiasmus/graph/parser_spec.cr:28	Ported Crystal parser spec
tests/graph/parser.test.ts::test::maps extensions to languages correctly	test	ported	spec/chiasmus/graph/parser_spec.cr:16	Ported Crystal parser spec
tests/graph/parser.test.ts::test::parser	test	ported	spec/chiasmus/graph/parser_spec.cr:44	Ported parser surface coverage with graceful nil when grammar unavailable
tests/graph/parser.test.ts::test::parses JavaScript source	test	missing	-	auto-generated
tests/graph/parser.test.ts::test::parses TypeScript source and returns tree with rootNode	test	missing	-	auto-generated
tests/graph/parser.test.ts::test::returns null for unsupported extension	test	ported	spec/chiasmus/graph/parser_spec.cr:39	Ported Crystal parser spec
tests/learning.test.ts::test::SkillLearner	test	ported	spec/chiasmus/skills/learner_spec.cr:13	Covered by the Crystal Skills::Learner spec group
tests/learning.test.ts::test::deduplication	test	ported	spec/chiasmus/skills/learner_spec.cr:86	Ported duplicate-rejection coverage
tests/learning.test.ts::test::does not promote templates with low success rate	test	ported	spec/chiasmus/skills/learner_spec.cr:123	Ported low-success promotion guard coverage
tests/learning.test.ts::test::extracts a Prolog template from a verified solution	test	ported	spec/chiasmus/skills/learner_spec.cr:42	Ported Prolog template extraction coverage
tests/learning.test.ts::test::extracts a Z3 template from a verified solution	test	ported	spec/chiasmus/skills/learner_spec.cr:15	Ported Z3 template extraction coverage
tests/learning.test.ts::test::promotes a template after sufficient successful reuses	test	ported	spec/chiasmus/skills/learner_spec.cr:107	Ported promotion threshold coverage
tests/learning.test.ts::test::promotion and quality tracking	test	ported	spec/chiasmus/skills/learner_spec.cr:105	Covered by the Crystal promotion spec group
tests/learning.test.ts::test::rejects near-duplicate templates	test	ported	spec/chiasmus/skills/learner_spec.cr:86	Ported near-duplicate rejection coverage
tests/learning.test.ts::test::rejects templates with missing required fields	test	ported	spec/chiasmus/skills/learner_spec.cr:75	Ported required-field validation coverage
tests/learning.test.ts::test::returns null when LLM produces invalid JSON	test	ported	spec/chiasmus/skills/learner_spec.cr:63	Ported invalid JSON rejection coverage
tests/learning.test.ts::test::template extraction	test	ported	spec/chiasmus/skills/learner_spec.cr:14	Covered by the Crystal extraction spec group
tests/mcp-server.test.ts::test::Chiasmus MCP Server	test	missing	-	auto-generated
tests/mcp-server.test.ts::test::appears in tool list	test	missing	-	auto-generated
tests/mcp-server.test.ts::test::auto-fixes check-sat in Z3 spec	test	missing	-	auto-generated
tests/mcp-server.test.ts::test::catches missing periods in Prolog	test	missing	-	auto-generated
tests/mcp-server.test.ts::test::catches unbalanced parentheses	test	missing	-	auto-generated
tests/mcp-server.test.ts::test::chiasmus_craft	test	missing	-	auto-generated
tests/mcp-server.test.ts::test::chiasmus_formalize	test	ported	spec/mcp_server/tools/formalize_spec.cr:3	Covered by the Crystal formalize-tool spec group.
tests/mcp-server.test.ts::test::chiasmus_lint	test	missing	-	auto-generated
tests/mcp-server.test.ts::test::chiasmus_skills	test	ported	spec/mcp_server/tools/skills_spec.cr:3	Covered by the Crystal skills-tool spec group.
tests/mcp-server.test.ts::test::chiasmus_solve	test	ported	spec/mcp_server/tools/solve_spec.cr:3	Covered by the Crystal solve-tool spec group.
tests/mcp-server.test.ts::test::chiasmus_verify	test	ported	spec/mcp_server/tools/verify_spec.cr:5	Basic verify tool tests ported to Crystal
tests/mcp-server.test.ts::test::chiasmus_verify batch queries	test	ported	spec/mcp_server/tools/verify_spec.cr:5	Batch queries test ported
tests/mcp-server.test.ts::test::lists chiasmus_verify in available tools	test	ported	spec/mcp_server/tools/verify_spec.cr:5	Tool listing test ported
tests/mcp-server.test.ts::test::passes clean spec with no issues	test	missing	-	auto-generated
tests/mcp-server.test.ts::test::requires query parameter for prolog solver	test	missing	-	auto-generated
tests/mcp-server.test.ts::test::returns error for unknown template name	test	ported	spec/mcp_server/tools/skills_spec.cr:56	Ported unknown-template error coverage.
tests/mcp-server.test.ts::test::returns error when problem is missing	test	ported	spec/mcp_server/tools/formalize_spec.cr:23,spec/mcp_server/tools/solve_spec.cr:18	Ported problem-required error coverage for formalize and solve.
tests/mcp-server.test.ts::test::returns structured error for malformed Prolog input	test	missing	-	auto-generated
tests/mcp-server.test.ts::test::returns structured error for malformed Z3 input	test	missing	-	auto-generated
tests/mcp-server.test.ts::test::returns template and instructions for a problem	test	ported	spec/mcp_server/tools/formalize_spec.cr:4	Ported formalize template and instructions coverage.
tests/mcp-server.test.ts::test::returns trace when explain=true for Prolog	test	missing	-	auto-generated
tests/mcp-server.test.ts::test::returns validation errors for bad input	test	missing	-	auto-generated
tests/mcp-server.test.ts::test::runs multiple Prolog queries against same program	test	missing	-	auto-generated
tests/mcp-server.test.ts::test::searches for templates by query	test	ported	spec/mcp_server/tools/skills_spec.cr:4	Ported skills search coverage.
tests/mcp-server.test.ts::test::solves a problem end-to-end with mock LLM	test	missing	-	auto-generated
tests/mcp-server.test.ts::test::verifies Prolog queries	test	missing	-	auto-generated
tests/mcp-server.test.ts::test::verifies satisfiable Z3 SMT-LIB input	test	missing	-	auto-generated
tests/mcp-server.test.ts::test::verifies unsatisfiable Z3 input	test	missing	-	auto-generated
tests/prolog-solver.test.ts::test::PrologSolver	test	missing	-	auto-generated
tests/prolog-solver.test.ts::test::derivation traces	test	missing	-	auto-generated
tests/prolog-solver.test.ts::test::handles arithmetic	test	missing	-	auto-generated
tests/prolog-solver.test.ts::test::handles ground queries (no variables)	test	missing	-	auto-generated
tests/prolog-solver.test.ts::test::handles list operations	test	missing	-	auto-generated
tests/prolog-solver.test.ts::test::resolves recursive rules	test	missing	-	auto-generated
tests/prolog-solver.test.ts::test::resolves simple fact queries	test	missing	-	auto-generated
tests/prolog-solver.test.ts::test::returns a structured error for malformed programs	test	missing	-	auto-generated
tests/prolog-solver.test.ts::test::returns a structured error for malformed queries	test	missing	-	auto-generated
tests/prolog-solver.test.ts::test::returns empty answers for unsatisfiable queries	test	missing	-	auto-generated
tests/prolog-solver.test.ts::test::returns no trace when explain is false (default)	test	missing	-	auto-generated
tests/prolog-solver.test.ts::test::returns trace for ground query with explain=true	test	missing	-	auto-generated
tests/prolog-solver.test.ts::test::returns trace for rule chain when explain=true	test	missing	-	auto-generated
tests/prolog-solver.test.ts::test::returns trace with multiple rule applications	test	missing	-	auto-generated
tests/relationships.test.ts::test::all reason strings are non-empty and descriptive	test	ported	spec/chiasmus/skills/relationships_spec.cr:25	Ported relationship-reason coverage.
tests/relationships.test.ts::test::all starter templates have at least one related template	test	ported	spec/chiasmus/skills/relationships_spec.cr:19	Ported starter-coverage relationship check.
tests/relationships.test.ts::test::getRelatedTemplates	test	ported	spec/chiasmus/skills/relationships_spec.cr:4	Covered by the Crystal related-template spec group.
tests/relationships.test.ts::test::returns empty array for unknown template	test	ported	spec/chiasmus/skills/relationships_spec.cr:16	Ported unknown-template relationship behavior.
tests/relationships.test.ts::test::returns related templates for policy-contradiction	test	ported	spec/chiasmus/skills/relationships_spec.cr:5	Ported policy-contradiction related-template coverage.
tests/relationships.test.ts::test::returns related templates for schema-consistency	test	ported	spec/chiasmus/skills/relationships_spec.cr:11	Ported schema-consistency related-template coverage.
tests/session.test.ts::test::SolverSession	test	missing	-	auto-generated
tests/session.test.ts::test::assigns unique session IDs	test	missing	-	auto-generated
tests/session.test.ts::test::creates isolated Prolog sessions	test	missing	-	auto-generated
tests/session.test.ts::test::creates isolated Z3 sessions	test	missing	-	auto-generated
tests/session.test.ts::test::runs Z3 and Prolog concurrently without interference	test	missing	-	auto-generated
tests/skill-library.test.ts::test::SkillLibrary	test	ported	spec/chiasmus/skills/library_spec.cr:15	Covered by the Crystal SkillLibrary spec group.
tests/skill-library.test.ts::test::all templates have at least one normalization	test	ported	spec/chiasmus/skills/library_spec.cr:123	Ported normalization coverage for starter templates.
tests/skill-library.test.ts::test::all templates have valid skeletons with matching slot markers	test	ported	spec/chiasmus/skills/library_spec.cr:106	Ported skeleton-slot consistency coverage.
tests/skill-library.test.ts::test::can filter by domain	test	ported	spec/chiasmus/skills/library_spec.cr:86	Ported domain-filter coverage.
tests/skill-library.test.ts::test::can filter by solver type	test	ported	spec/chiasmus/skills/library_spec.cr:94	Ported solver-filter coverage.
tests/skill-library.test.ts::test::each template has metadata initialized	test	ported	spec/chiasmus/skills/library_spec.cr:23	Ported starter metadata initialization coverage.
tests/skill-library.test.ts::test::finds config-equivalence for configuration comparison	test	ported	spec/chiasmus/skills/library_spec.cr:56	Ported config-equivalence search coverage.
tests/skill-library.test.ts::test::finds constraint-satisfaction for dependency version queries	test	ported	spec/chiasmus/skills/library_spec.cr:44	Ported constraint-satisfaction search coverage.
tests/skill-library.test.ts::test::finds graph-reachability for data flow queries	test	ported	spec/chiasmus/skills/library_spec.cr:50	Ported graph-reachability search coverage.
tests/skill-library.test.ts::test::finds permission-derivation for role hierarchy queries	test	ported	spec/chiasmus/skills/library_spec.cr:68	Ported permission-derivation search coverage.
tests/skill-library.test.ts::test::finds policy-contradiction for authorization conflict queries	test	ported	spec/chiasmus/skills/library_spec.cr:36	Ported policy-contradiction search coverage.
tests/skill-library.test.ts::test::finds rule-inference for eligibility/compliance queries	test	ported	spec/chiasmus/skills/library_spec.cr:62	Ported rule-inference search coverage.
tests/skill-library.test.ts::test::get by name	test	ported	spec/chiasmus/skills/library_spec.cr:165	Covered by the Crystal get-by-name spec group.
tests/skill-library.test.ts::test::initialization	test	ported	spec/chiasmus/skills/library_spec.cr:16	Covered by the Crystal initialization spec group.
tests/skill-library.test.ts::test::loads all starter templates	test	ported	spec/chiasmus/skills/library_spec.cr:17	Ported starter-template load coverage.
tests/skill-library.test.ts::test::metadata tracking	test	ported	spec/chiasmus/skills/library_spec.cr:129	Covered by the Crystal metadata-tracking spec group.
tests/skill-library.test.ts::test::persists metadata across library instances	test	ported	spec/chiasmus/skills/library_spec.cr:143	Ported metadata persistence coverage.
tests/skill-library.test.ts::test::records reuse and success	test	ported	spec/chiasmus/skills/library_spec.cr:130	Ported reuse and success tracking coverage.
tests/skill-library.test.ts::test::retrieves a template by exact name	test	ported	spec/chiasmus/skills/library_spec.cr:166	Ported exact-name lookup coverage.
tests/skill-library.test.ts::test::returns null for unknown name	test	ported	spec/chiasmus/skills/library_spec.cr:174	Ported unknown-name lookup coverage.
tests/skill-library.test.ts::test::returns results sorted by relevance score	test	ported	spec/chiasmus/skills/library_spec.cr:74	Ported relevance-sort coverage.
tests/skill-library.test.ts::test::search	test	ported	spec/chiasmus/skills/library_spec.cr:34	Covered by the Crystal search spec group.
tests/skill-library.test.ts::test::template structure	test	ported	spec/chiasmus/skills/library_spec.cr:103	Covered by the Crystal template-structure spec group.
tests/validate.test.ts::test::Prolog with comments passes	test	missing	-	auto-generated
tests/validate.test.ts::test::Spec Linting	test	missing	-	auto-generated
tests/validate.test.ts::test::Z3 with comments passes	test	missing	-	auto-generated
tests/validate.test.ts::test::auto-fixes	test	missing	-	auto-generated
tests/validate.test.ts::test::catches empty spec	test	missing	-	auto-generated
tests/validate.test.ts::test::catches missing periods in Prolog	test	missing	-	auto-generated
tests/validate.test.ts::test::catches unbalanced Prolog parentheses	test	missing	-	auto-generated
tests/validate.test.ts::test::catches unbalanced Z3 parentheses (extra close)	test	missing	-	auto-generated
tests/validate.test.ts::test::catches unbalanced Z3 parentheses (unclosed)	test	missing	-	auto-generated
tests/validate.test.ts::test::catches unfilled template slots	test	missing	-	auto-generated
tests/validate.test.ts::test::error detection	test	missing	-	auto-generated
tests/validate.test.ts::test::removes check-sat from Z3 specs	test	missing	-	auto-generated
tests/validate.test.ts::test::removes get-model from Z3 specs	test	missing	-	auto-generated
tests/validate.test.ts::test::removes set-logic from Z3 specs	test	missing	-	auto-generated
tests/validate.test.ts::test::strips markdown fences	test	missing	-	auto-generated
tests/validate.test.ts::test::valid Prolog passes with no errors or fixes	test	missing	-	auto-generated
tests/validate.test.ts::test::valid Z3 passes with no errors or fixes	test	missing	-	auto-generated
tests/validate.test.ts::test::valid specs pass clean	test	missing	-	auto-generated
tests/z3-solver.test.ts::test::Z3Solver	test	missing	-	auto-generated
tests/z3-solver.test.ts::test::does not include unsatCore field for SAT results	test	missing	-	auto-generated
tests/z3-solver.test.ts::test::handles boolean satisfiability	test	missing	-	auto-generated
tests/z3-solver.test.ts::test::handles custom datatypes	test	missing	-	auto-generated
tests/z3-solver.test.ts::test::returns a structured error for malformed SMT-LIB	test	missing	-	auto-generated
tests/z3-solver.test.ts::test::returns error for completely empty input	test	missing	-	auto-generated
tests/z3-solver.test.ts::test::returns sat with a model for satisfiable constraints	test	missing	-	auto-generated
tests/z3-solver.test.ts::test::returns unsat core expressions for contradictory unnamed assertions	test	missing	-	auto-generated
tests/z3-solver.test.ts::test::returns unsat core for trivially unsat assertion	test	missing	-	auto-generated
tests/z3-solver.test.ts::test::returns unsat core with named assertions for contradictory constraints	test	missing	-	auto-generated
tests/z3-solver.test.ts::test::returns unsat for contradictory constraints	test	missing	-	auto-generated
tests/z3-solver.test.ts::test::strips check-sat and get-model from input without breaking	test	missing	-	auto-generated
tests/mcp-server.test.ts::test::created template appears in chiasmus_skills search	test	ported	spec/chiasmus/mcp_server/tools/*_spec.cr	MCP server tests ported
tests/mcp-server.test.ts::test::creates a template via MCP	test	ported	spec/chiasmus/mcp_server/tools/*_spec.cr	MCP server tests ported
tests/mcp-server.test.ts::test::filters by solver type	test	ported	spec/chiasmus/mcp_server/tools/*_spec.cr	MCP server tests ported
tests/mcp-server.test.ts::test::gets a template by exact name	test	ported	spec/chiasmus/mcp_server/tools/*_spec.cr	MCP server tests ported
tests/mcp-server.test.ts::test::includes related templates in by-name lookup	test	ported	spec/chiasmus/mcp_server/tools/*_spec.cr	MCP server tests ported
tests/mcp-server.test.ts::test::includes suggestions for related templates	test	ported	spec/chiasmus/mcp_server/tools/*_spec.cr	MCP server tests ported
tests/mcp-server.test.ts::test::includes unsatCore in unsat Z3 response	test	ported	spec/chiasmus/mcp_server/tools/*_spec.cr	MCP server tests ported
tests/mcp-server.test.ts::test::lists all templates when no query or name given	test	ported	spec/chiasmus/mcp_server/tools/*_spec.cr	MCP server tests ported
tests/mcp-server.test.ts::test::lists chiasmus_formalize in available tools	test	ported	spec/chiasmus/mcp_server/tools/*_spec.cr	MCP server tests ported
tests/mcp-server.test.ts::test::lists chiasmus_lint in available tools	test	ported	spec/chiasmus/mcp_server/tools/*_spec.cr	MCP server tests ported
tests/mcp-server.test.ts::test::lists chiasmus_skills in available tools	test	ported	spec/chiasmus/mcp_server/tools/*_spec.cr	MCP server tests ported
tests/mcp-server.test.ts::test::lists chiasmus_solve in available tools	test	ported	spec/chiasmus/mcp_server/tools/*_spec.cr	MCP server tests ported
